username,password,email
doctor300,pass123,doctor300@abc.com
doctor501,pass123,doctor501@abc.com
doctor302,pass123,doctor302@abc.com
doctor503,pass123,doctor503@abc.com
doctor304,pass123,doctor304@abc.com
doctor105,pass123,doctor105@abc.com
doctor106,pass123,doctor106@abc.com
doctor107,pass123,doctor107@abc.com
doctor108,pass123,doctor108@abc.com
doctor109,pass123,doctor109@abc.com
doctor510,pass123,doctor510@abc.com
doctor111,pass123,doctor111@abc.com
doctor112,pass123,doctor112@abc.com
doctor113,pass123,doctor113@abc.com
doctor114,pass123,doctor114@abc.com
doctor115,pass123,doctor115@abc.com
doctor116,pass123,doctor116@abc.com
doctor117,pass123,doctor117@abc.com
doctor118,pass123,doctor118@abc.com
doctor119,pass123,doctor119@abc.com
doctor200,pass123,doctor200@abc.com
doctor201,pass123,doctor201@abc.com
doctor202,pass123,doctor202@abc.com
doctor203,pass123,doctor203@abc.com
doctor204,pass123,doctor204@abc.com
doctor221,pass123,doctor221@abc.com
doctor222,pass123,doctor222@abc.com
doctor207,pass123,doctor207@abc.com
doctor208,pass123,doctor208@abc.com
doctor209,pass123,doctor209@abc.com
doctor210,pass123,doctor210@abc.com
doctor211,pass123,doctor211@abc.com
doctor212,pass123,doctor212@abc.com
doctor213,pass123,doctor213@abc.com
doctor214,pass123,doctor214@abc.com
